old_path,new_path
/fr/,/
/de/,/de
/es/,/es
/blog,/en/blog
/fr/blog/,/blog
/es/blog/,/es/blog
/de/blog/,/de/blog
/pricing/,/en/tarifs
/fr/tarifs/,/tarifs
/es/precios/,/es/tarifs
/de/preise/,/de/tarifs
/contact/,/en/contact
/fr/nous-contacter/,/contact
/es/contacto/,/es/contact
/de/uns-kontaktieren/,/de/contact
/cmms-software/,/en/produit/gestion-de-vos-actifs
/fr/logiciel-gmao/,/produit/gestion-de-vos-actifs
/es/software-gmao/,/es/produit/gestion-de-vos-actifs
/de/cmms-ips-system/,/de/produit/gestion-de-vos-actifs
/cmms-integrations/,/en/produit/integrations
/fr/integrations-gmao/,/produit/integrations
/es/integraciones-gmao/,/es/produit/integrations
/de/cmms-integrationen/,/de/produit/integrations
/security-compliance-privacy/,/en/produit/securite
/fr/securite-confidentialite-conformite/,/produit/securite
/user-profiles/,/en/personas/responsable-maintenance
/fr/profils-utilisateurs/,/personas/responsable-maintenance
/es/perfiles-usuarios/,/es/personas/responsable-maintenance
/de/benutzer-profile/,/de/personas/responsable-maintenance
/hub/,/en/categories/hub-fournisseurs
/fr/hub-fournisseurs-industriels/,/categories/hub-fournisseurs
/es/hub-proveedores-industriales/,/es/categories/hub-fournisseurs
/de/hub-industrielle-zulieferer/,/de/categories/hub-fournisseurs
/team-missions-values/,/en/contact
/fr/qui-sommes-nous/,/contact
/es/equipo-historia-valores/,/es/contact
/de/wer-sind-wir/,/de/contact
/legal-terms/,/en/mentions-legales
/fr/mentions-legales/,/mentions-legales
/es/aviso-legal-y-politica-de-confidencialidad/,/es/mentions-legales
/de/rechtliche-hinweise/,/de/mentions-legales
/data-protection-agreement/,/en/data-protection-agreement
/data-protection-agreement-outside-eu/,/en/data-protection-agreement-outside-eu
/general-terms-use-privacy-policy/,/en/conditions-generales-utilisation
/fr/conditions-generales-utilisation/,/conditions-generales-utilisation
/es/general-terms-use-privacy-policy/,/es/conditions-generales-utilisation
/de/general-terms-of-use-and-privacy-policy-de/,/de/conditions-generales-utilisation
/general-terms-use-end-users/,/en/conditions-generales-dutilisation-utilisateurs-finaux
/fr/conditions-generales-dutilisation-utilisateurs-finaux/,/conditions-generales-dutilisation-utilisateurs-finaux
/es/condiciones-generales-de-uso-usuarios-finales/,/es/conditions-generales-dutilisation-utilisateurs-finaux
/de/allgemeine-nutzungsbedingungen-endnutzer/,/de/conditions-generales-dutilisation-utilisateurs-finaux
/personal-data-use-protection-policy/,/en/politique-utilisation-protection-donnnees
/fr/politique-utilisation-protection-donnnees/,/politique-utilisation-protection-donnnees
/es/personal-data-use-protection-policy/,/es/politique-utilisation-protection-donnnees
/de/personal-data-use-protection-policy-de/,/de/politique-utilisation-protection-donnnees
/resources-press-media/,/en/contact
/fr/ressources-presse-medias/,/contact
/es/recursos-prensa/,/es/contact
/de/ressourcen-presse-medien/,/de/contact
/partners-mobility-work-cmms/,/en/produit/integrations
/fr/partenaires-de-la-gmao-mobility-work/,/produit/integrations
/fr/rs-components-partenaire/,/produit/integrations
/cmms-software-for-the-food-and-beverage-industry/,/en/industrie/agroalimentaire
/fr/gmao-agroalimentaire/,/industrie/agroalimentaire
/es/software-de-mantenimiento-gmao-para-la-industria-agroalimentaria/,/es/industrie/agroalimentaire
/de/cmms-software-fuer-die-lebensmittel-und-getraenkeindustrie/,/de/industrie/agroalimentaire
/cmms-software-for-the-pharmaceutical-healthcare-industry-and-hospitals/,/en/industrie/cosmetique-et-pharma
/fr/gmao-industrie-pharmaceutique-chimique/,/industrie/cosmetique-et-pharma
/es/software-de-gmao-industria-farmaceutica-sanidad-y-hospitales-mobility-work/,/es/industrie/cosmetique-et-pharma
/de/cmms-software-pharmaindustrie-gesundheit-und-krankenhaeuser/,/de/industrie/cosmetique-et-pharma
/cmms-for-cosmetic-industry/,/en/industrie/cosmetique-et-pharma
/fr/gmao-cosmetique/,/industrie/cosmetique-et-pharma
/es/gmao-cosmeticos/,/es/industrie/cosmetique-et-pharma
/de/cmms-kosmetik/,/de/industrie/cosmetique-et-pharma
/support/,/en/support
/fr/support/,/support
/es/support/,/es/support
/de/support/,/de/support
/fr/support/ot-maintenance-logiciel-gmao/,/support/ot-maintenance-logiciel-gmao
/fr/support/geolocalisation-equipements-gmao-mobile/,/support/geolocalisation-equipements-gmao-mobile
/fr/support/maintenance-analytique-gmao/,/support/maintenance-analytique-gmao
/fr/support/historique-maintenance-gmao/,/support/historique-maintenance-gmao
/fr/support/plan-maintenance-preventive-gmao/,/support/plan-maintenance-preventive-gmao
/fr/support/prestataire-service-gestion/,/support/prestataire-service-gestion
/fr/support/logiciel-gmao-support-ligne/,/support/logiciel-gmao-support-ligne
/fr/support/nomenclature-pieces-detachees/,/support/nomenclature-pieces-detachees
/fr/support/qr-code-gestion-actifs-stocks/,/support/qr-code-gestion-actifs-stocks
/fr/support/documentation-technique-gmao/,/support/documentation-technique-gmao
/fr/support/suivi-maintenance-logiciel-gmao/,/support/suivi-maintenance-logiciel-gmao
/fr/support/suivi-operations-maintenance/,/support/suivi-operations-maintenance
/fr/support/fiche-equipement-saisie-gmao/,/support/fiche-equipement-saisie-gmao
/fr/support/confidentialite-gmao-saas/,/support/confidentialite-gmao-saas
/fr/support/modifier-langue-gmao/,/support/modifier-langue-gmao
/fr/support/parametrage-facile-gmao/,/support/parametrage-facile-gmao
/fr/support/arborescence-machine-gmao/,/support/arborescence-machine-gmao
/fr/support/labels-donnees-gmao/,/support/labels-donnees-gmao
/fr/support/gerer-pieces-detachees-gmao/,/support/gerer-pieces-detachees-gmao
/fr/support/dupliquer-catalogue-officiel/,/support/dupliquer-catalogue-officiel
/fr/support/adapter-gmao-maintenance-dactifs-immobiliers/,/support/adapter-gmao-maintenance-dactifs-immobiliers
/fr/support/outillage-industriel-gmao/,/support/outillage-industriel-gmao
/fr/support/installations-electriques-gmao/,/support/installations-electriques-gmao
/fr/support/documentation-constructeur-gmao/,/support/documentation-constructeur-gmao
/fr/support/checklist-maintenance-gmao/,/support/checklist-maintenance-gmao
/fr/support/calendrier-maintenance-gmao/,/support/calendrier-maintenance-gmao
/fr/support/compteur-machine-suivi-gmao/,/support/compteur-machine-suivi-gmao
/fr/support/gmao-export-format-excel-pdf/,/support/gmao-export-format-excel-pdf
/fr/support/importer-donnees-gmao/,/support/importer-donnees-gmao
/support/qr-code-management-asset/,/en/support
/support/machine-geolocation-mobile-cmms/,/en/support
/support/add-documents-equipment-cmms/,/en/support
/support/add-documents-cmms/,/en/support
/support/manage-counters-cmms/,/en/support
/support/electrical-installation-cmms/,/en/support
/support/cmms-improve-management-tools/,/en/support
/support/manage-maintenance-industrial-property-assets/,/en/support
/support/support/cmms-official-catalogue/,/en/support
/support/spare-parts-inventory-management/,/en/support
/support/multilingual-cmms-software/,/en/support
/support/cmms-software-online-support/,/en/support
/support/follow-news-network-cmms/,/en/support
/support/easily-establish-network-cmms/,/en/support
/support/cmms-manage-documents-privacy/,/en/support
/support/maintenance-calendar-cmms/,/en/support
/support/follow-working-time-cmms/,/en/support
/support/cmms-software-create-tags/,/en/support
/support/search-piece-equipment-cmms/,/en/support
/support/analyze-maintenance-data-cmms/,/en/support
/support/maintenance-interventions-cmms/,/en/support
/support/export-files-excel-pdf-cmms/,/en/support
/support/maintenance-plan-cmms-software/,/en/support
/support/register-piece-equipment-cmms/,/en/support
/support/maintenance-work-order-cmms/,/en/support
/support/service-providers-cmms/,/en/support
/support/manage-maintenance-checklist/,/en/support
/support/duplicate-piece-equipment-cmms/,/en/support
/support/support/excel-cmms-import-data/,/en/support
/es/support/codigos-qr-gmao/,/es/support
/es/support/geolocalizar-equipamientos-gmao/,/es/support
/es/support/anadir-documentacion-equipo/,/es/support
/es/support/gestionar-documentacion-tecnica/,/es/support
/es/support/anadir-contadores-gmao/,/es/support
/es/support/instalaciones-electricas-gmao/,/es/support
/es/support/gestion-herramientas-gmao/,/es/support
/es/support/adaptar-gmao-al-mantenimiento-del-patrimonio-inmobiliario/,/es/support
/es/support/gestionar-proveedores-gmao/,/es/support
/es/support/gestionar-piezas-repuesto-inventario-gmao/,/es/support
/es/support/cambiar-idioma-software-gmao/,/es/support
/es/support/gmao-soporte-linea/,/es/support
/es/support/gmao-comunitaria-seguimiento/,/es/support
/es/support/configurar-facilmente-gmao/,/es/support
/es/support/confidencialidad-gmao/,/es/support
/es/support/gmao-calendario-planificacion/,/es/support
/es/support/seguimiento-del-mantenimiento-gmao/,/es/support
/es/support/como-crear-etiquetas-gmao/,/es/support
/es/support/duplicar-equipamiento-gmao/,/es/support
/es/support/gmao-busqueda-arbol/,/es/support
/es/support/indicadores-mantenimiento/,/es/support
/es/support/historiales-mantenimiento-gmao/,/es/support
/es/support/como-exportar-datos-gmao/,/es/support
/es/support/plan-de-mantenimiento-preventivo/,/es/support
/es/support/como-crear-ficha-de-equipamiento/,/es/support
/es/support/orden-de-trabajo-gmao/,/es/support
/es/support/checklist-mantenimiento-gmao/,/es/support
/es/support/gmao-importacion-datos/,/es/support
/de/support/support/qr-code-ips-system/,/de/support
/de/support/geolocation-ips-system/,/de/support
/de/support/ips-system-dokumentation/,/de/support
/de/support/ips-system-technische-dokumente/,/de/support
/de/support/zaehler-ips-system/,/de/support
/de/support/ips-system-elektrische-anlagen/,/de/support
/de/support/ips-system-industriewerkzeuge/,/de/support
/de/support/ips-system-wartung-immobilienbestaende-anpassen/,/de/support
/de/support/ips-system-katalog-duplizieren/,/de/support
/de/support/ersatzteile-ips-system-managen/,/de/support
/de/support/sprache-ips-system-aendern/,/de/support
/de/support/ips-system-online-kundendienst/,/de/support
/de/support/ips-software-nachrichten-folgen/,/de/support
/de/support/ips-system-parameter/,/de/support
/de/support/ips-system-datenschutz/,/de/support
/de/support/ips-system-wartungskalender/,/de/support
/de/support/ips-system-instandhaltung/,/de/support
/de/support/ips-system-labels/,/de/support
/de/support/ausstattung-ips-system/,/de/support
/de/support/verzeichnisbaum-ips-system/,/de/support
/de/support/ips-system-wartungs-indikator/,/de/support
/de/support/wartungs-verlauf-ips-system/,/de/support
/de/support/ips-system-datenexport/,/de/support
/de/support/vorbeugende-wartungsplaene-ips-system/,/de/support
/de/support/ips-software-ausstattung/,/de/support
/de/support/ips-software-wartungsauftrag/,/de/support
/de/support/dienstleister-ips-system/,/de/support
/de/support/wartungs-checkliste-ips-system/,/de/support
/de/support/wartungsdaten-kostenlos-ips-system/,/de/support
/fr/agroalimentaire/,/categories/agroalimentaire
/fr/cosmetiques/,/categories/cosmetiques
/fr/blog-gmao/,/categories/gmao
/fr/hub-fournisseurs/,/categories/hub-fournisseurs
/fr/iot-fr/,/categories/industrie-4-0-et-iot
/fr/interviews-fr/,/categories/interviews
/fr/maintenance-industrielle/,/categories/maintenance-industrielle
/fr/maintenance-preventive/,/categories/maintenance-preventive
/fr/mises-a-jour/,/categories/mises-a-jour-de-l-application
/fr/actualites/,/categories/news
/fr/pharmaceutique-sante/,/categories/pharmaceutique-et-sante
/fr/podcasts-fr/,/categories/podcasts
/cmms/,/en/categories/gmao
/hub-suppliers/,/en/categories/hub-fournisseurs
/iot-en/,/en/categories/industrie-4-0-et-iot
/interviews-en/,/en/categories/interviews
/industrial-maintenance/,/en/categories/maintenance-industrielle
/preventive-maintenance/,/en/categories/maintenance-preventive
/application-updates/,/en/categories/mises-a-jour-de-l-application
/news/,/en/categories/news
/pharmaceuticals-health/,/en/categories/pharmaceutique-et-sante
/cosmetics/,/en/categories/cosmetiques
/podcasts-en/,/en/categories/podcasts
/es/gmao-es/,/es/categories/gmao
/es/hub-proveedores/,/es/categories/hub-fournisseurs
/es/iot-es/,/es/categories/industrie-4-0-et-iot
/es/entrevistas/,/es/categories/interviews
/es/mantenimiento-industrial/,/es/categories/maintenance-industrielle
/es/mantenimiento-preventivo/,/es/categories/maintenance-preventive
/es/actualizaciones-aplicacion/,/es/categories/mises-a-jour-de-l-application
/es/actualidades/,/es/categories/news
/es/farmaceuticos-salud/,/es/categories/pharmaceutique-et-sante
/es/cosmetica/,/es/categories/cosmetiques
/de/ips-system/,/de/categories/gmao
/de/hub-lieferanten/,/de/categories/hub-fournisseurs
/de/iot-de/,/de/categories/industrie-4-0-et-iot
/de/interviews-de/,/de/categories/interviews
/de/industrielle-instandhaltung/,/de/categories/maintenance-industrielle
/de/vorbeugende-wartung/,/de/categories/maintenance-preventive
/de/pharma-gesundheit/,/de/categories/pharmaceutique-et-sante
/de/agrobusiness/,/de/categories/agroalimentaire
/blog/cmms-certification-iso-27001,/blog/gmao-certification-iso-27001
/blog/cmms-packaging-maintenance,/blog/gmao-packaging-maintenance
/blog/covid-19-cmms-maintenance-medical,/blog/covid-19-gmao-maintenance-medical
/blog/facility-management-definition-and-trends,/blog/facility-management-definition-et-tendances
/blog/french-tech-las-vegas-ces-2016-2,/blog/french-tech-las-vegas-ces-2016
/blog/meet-mobility-work-web-summit-2016,/blog/mobility-work-web-summit-2016
/blog/mobility-work-culture-for-change,/blog/mobility-work-culture-changement
/blog/mobility-work-french-tech-tour-china,/blog/mobility-work-french-tech-tour-china-2018
/blog/mobility-work-preparing-ces-2019,/blog/mobility-work-se-prepare-ces-2019
/blog/retrospective-cmms-2020,/blog/retrospective-gmao-2020
/blog/smart-industries-event-2018,/blog/smart-industries-2018
/blog/ux-series-10-mobility-work-lipotec,/blog/ux-series-14-mobility-work-losc
/blog/ux-series-cmms-cuisines-morel,/blog/ux-series-gmao-cuisines-morel
/es/blog/facility-management-definicion-tendencias,/blog/facility-management-definition-et-tendances
/es/blog/gmao-checklist-tasa-horaria,/blog/gmao-checklist-taux-horaire
/es/blog/ux-series-10-mobility-work-lipotec,/blog/ux-series-14-mobility-work-losc
/es/blog/ux-series-5-mobility-work-fmgc,/blog/ux-series-5-mobility-work-chez-fmgc
/es/blog/ux-series-gmao-cuisines-morel,/blog/ux-series-gmao-cuisines-morel
/fr/blog/5-types-maintenance,/blog/5-types-maintenance
/fr/blog/6-clefs-une-maintenance-preventive-reussie,/blog/6-clefs-une-maintenance-preventive-reussie
/fr/blog/achats-industriels-role-enjeux,/blog/achats-industriels-role-et-enjeux
/fr/blog/amelioration-fonction-recherche,/blog/amelioration-fonction-recherche
/fr/blog/ameliorer-maintenance-aeroports-gmao,/blog/ameliorer-maintenance-aeroports-gmao
/fr/blog/ameliorez-precision-vos-analyses-donnees,/blog/ameliorez-precision-vos-analyses-donnees
/fr/blog/aptiv-lentreprise-qui-a-fait-le-choix-de-linnovation,/blog/aptiv-lentreprise-qui-a-fait-le-choix-de-linnovation
/fr/blog/arret-technique-gmao,/blog/arret-technique-gmao
/fr/blog/assemblee-generale-federation-forge-fonderie,/blog/assemblee-generale-federation-forge-fonderie
/fr/blog/auto-maintenance-5-etapes,/blog/auto-maintenance-5-etapes
/fr/blog/bbh-technology-partenaire-mobility-work,/blog/bbh-technology-nouveau-partenaire-de-mobility-work
/fr/blog/benefices-gmao-secteur-medical,/blog/benefices-gmao-secteur-medical
/fr/blog/cahier-des-charges-gmao,/blog/cahier-des-charges-gmao
/fr/blog/ces-2017-bilan-apres-levenement,/blog/ces-2017-bilan-apres-levenement
/fr/blog/ces-2019-bilan-mobility-work,/blog/ces-2019-bilan-mobility-work
/fr/blog/ces-2020-heure-bilan,/blog/ces-2020-heure-bilan
/fr/blog/ces-2020-mobility-work-senvole-vegas,/blog/ces-2020-mobility-work-senvole-vegas
/fr/blog/choisir-gmao-21-cfr-part-11,/blog/choisir-gmao-21-cfr-part-11
/fr/blog/choisir-meilleure-gmao,/blog/choisir-meilleure-gmao
/fr/blog/comment-appliquer-maintenance-lean-aux-fonderies-innovantes,/blog/comment-appliquer-maintenance-lean-aux-fonderies-innovantes
/fr/blog/comment-optimiser-maintenance-logistique-transport,/blog/comment-optimiser-la-maintenance-dans-la-logistique-et-le-transport
/fr/blog/comment-reduire-couts-maintenance,/blog/blog-comment-reduire-couts-maintenance
/fr/blog/comment-reduire-depenses-maintenance,/blog/comment-reduire-depenses-maintenance
/fr/blog/commission-maintenance-federation-forge-fonderie,/blog/commission-maintenance-federation-forge-fonderie
/fr/blog/communautes-maintenance-gmao-4-0,/blog/communautes-maintenance-gmao-4-0
/fr/blog/conduite-du-changement-gmao,/blog/conduite-du-changement-gmao
/fr/blog/contrats-maintenance-industrielle-definition-astuces,/blog/contrats-de-maintenance-industrielle-definition-et-astuces
/fr/blog/covid-19-gmao-maintenance-medical,/blog/covid-19-gmao-maintenance-medical
/fr/blog/danone-opole-choisit-mobility-work-pour-la-gestion-de-ses-pieces-de-rechanges-des-ses-documents-et-de-sa-maintenance-preventive,/blog/danone-opole-choisit-mobility-work-pour-la-gestion-de-ses-pieces-de-rechanges-des-ses-documents-et-de-sa-maintenance-preventive
/fr/blog/definir-bons-kpi-maintenance-gmao,/blog/definir-bons-kpi-maintenance-gmao
/fr/blog/dernieres-nouveautes-et-ameliorations-gmao-novembre-2023,/blog/les-dernieres-nouveautes-et-ameliorations-novembre-2023
/fr/blog/dictionnaire-maintenance-industrielle,/blog/petit-dictionnaire-de-la-maintenance-industrielle
/fr/blog/dupliquez-rapidement-vos-plans-de-maintenance-gmao,/blog/dupliquez-rapidement-vos-plans-de-maintenance-dans-la-gmao
/fr/blog/ecologie-industrielle-gmao,/blog/blog-ecologie-industrielle-gmao
/fr/blog/erp-et-gmao-gerer-les-stocks-de-pieces-detachees-grace-aux-api,/blog/erp-et-gmao-gerer-les-stocks-de-pieces-detachees-grace-aux-api
/fr/blog/experience-utilisateur-3-mobility-work-chez-spie,/blog/experience-utilisateur-3-mobility-work-chez-spie
/fr/blog/experience-utilisateur-setforge-gmao,/blog/experience-utilisateur-setforge-gmao
/fr/blog/fabricants-rejoignez-plateforme,/blog/fabricants-rejoignez-plateforme
/fr/blog/facility-management-ameliorer-securite-usine,/blog/facility-management-ameliorez-la-securite-de-votre-usine
/fr/blog/facility-management-definition-tendances,/blog/facility-management-definition-et-tendances
/fr/blog/fanuc-france-fournisseur-gmao,/blog/fanuc-france-fournisseur-gmao
/fr/blog/femmes-maintenance-industrielle,/blog/les-femmes-et-la-maintenance-industrielle
/fr/blog/financer-transition-numerique,/blog/financer-transition-numerique
/fr/blog/fmgc-securite-et-tracabilite-des-machines-gmao,/blog/fmgc-surete-et-tracabilite-des-machines-grace-a-la-gmao
/fr/blog/fonctionnalite-api-publique-gmao,/blog/fonctionnalite-api-publique-gmao
/fr/blog/formation-gmao-nouvelle-generation,/blog/formation-gmao-nouvelle-generation
/fr/blog/formules-electriques-base-fondamentaux-amelioration-vos-routines,/blog/formules-electriques-base-fondamentaux-amelioration-vos-routines
/fr/blog/french-tech-las-vegas-ces-2016,/blog/french-tech-las-vegas-ces-2016
/fr/blog/gerer-equipes-gmao,/blog/gerer-equipes-gmao
/fr/blog/gerez-vos-documents-rapidement-facilement-une-gmao-mobile,/blog/gerez-vos-documents-rapidement-et-facilement-avec-une-gmao-mobile
/fr/blog/gerez-vos-plans-maintenance,/blog/gerez-vos-plans-maintenance
/fr/blog/gmao-1-million-dheures-dintervention,/blog/gmao-1-million-dheures-dintervention
/fr/blog/gmao-analytique-planificateur,/blog/gmao-analytique-planificateur
/fr/blog/gmao-bericap-iso-9001-2015,/blog/gmao-bericap-iso-9001-2015
/fr/blog/gmao-certification-iso-27001,/blog/gmao-certification-iso-27001
/fr/blog/gmao-checklist-taux-horaire,/blog/gmao-checklist-taux-horaire
/fr/blog/gmao-checklists-plans-maintenance,/blog/gmao-checklists-plans-maintenance
/fr/blog/gmao-checklists-securite-taches,/blog/gmao-checklists-securite-taches
/fr/blog/gmao-comment-choisir-logiciel,/blog/gmao-comment-choisir-logiciel
/fr/blog/gmao-definition-fonctionnement,/blog/gmao-definition-et-fonctionnement
/fr/blog/gmao-enjeux-entreprise,/blog/gmao-enjeux-entreprise
/fr/blog/gmao-erp-danone-temoignage,/blog/gmao-erp-danone-temoignage
/fr/blog/gmao-fournisseurs-industriels,/blog/gmao-fournisseurs-industriels
/fr/blog/gmao-gerez-maintenance-depuis-mobile,/blog/gmao-gerez-maintenance-depuis-mobile
/fr/blog/gmao-industrie-agro-alimentaire,/blog/gmao-industrie-agro-alimentaire
/fr/blog/gmao-industrie-pharmaceutique,/blog/gmao-industrie-pharmaceutique
/fr/blog/gmao-maintenance-cosmetique,/blog/gmao-maintenance-cosmetique
/fr/blog/gmao-maintenance-mecanique,/blog/gmao-maintenance-cosmetique
/fr/blog/gmao-maitriser-confidentialite-vos-donnees,/blog/gmao-maitriser-confidentialite-vos-donnees
/fr/blog/gmao-mobile-deploiement-quotidien,/blog/gmao-mobile-deploiement-quotidien
/fr/blog/gmao-mobile-mise-a-jour-2021,/blog/gmao-mobile-mise-a-jour-2021
/fr/blog/gmao-mobile-nouvelle-generation,/blog/gmao-mobile-nouvelle-generation
/fr/blog/gmao-mobile-optimisation,/blog/gmao-mobile-optimisation
/fr/blog/gmao-mobility-work-nouveau-tableau-bord,/blog/gmao-mobility-work-nouveau-tableau-bord
/fr/blog/gmao-norme-21-cfr-part-11,/blog/gmao-norme-21-cfr-part-11
/fr/blog/gmao-packaging-maintenance,/blog/gmao-packaging-maintenance
/fr/blog/gmao-pay-back-roi-benefices,/blog/gmao-pay-back-roi-et-benefices
/fr/blog/gmao-quels-enjeux-pour-votre-service-maintenance,/blog/gmao-quels-enjeux-pour-votre-service-maintenance
/fr/blog/gmao-refonte-plans-de-maintenance,/blog/gmao-refonte-plans-de-maintenance
/fr/blog/hannover-messe-2019-mobility-work,/blog/hannover-messe-2019-mobility-work
/fr/blog/harmonisation-des-labels-analysez-les-performances-a-toutes-les-echelles-de-lentreprise,/blog/harmonisation-des-labels-analysez-les-performances-a-toutes-les-echelles-de-lentreprise
/fr/blog/industrie-40-gmao-maintenance-demain,/blog/industrie-4-0-et-gmao-la-maintenance-de-demain
/fr/blog/industrie-cloud-computing-edge,/blog/blog-industrie-cloud-computing-edge
/fr/blog/interview-digitalisation-entreprises,/blog/interview-digitalisation-entreprises
/fr/blog/interview-gmao-apei-dieppe,/blog/interview-gmao-apei-dieppe
/fr/blog/interview-gmao-forge-fonderie,/blog/interview-gmao-forge-fonderie
/fr/blog/interview-parcours-methodes-maintenance,/blog/interview-parcours-methodes-maintenance
/fr/blog/interview-vallourec-gmao,/blog/interview-vallourec-gmao
/fr/blog/iot-gmao-anticiper-pannes,/blog/iot-gmao-anticiper-pannes
/fr/blog/iot-maintenance-industrielle,/blog/methode-maintenance-industrielle
/fr/blog/iot-maintenance-predictive,/blog/iot-maintenance-predictive
/fr/blog/journee-travail-calendrier,/blog/journee-travail-calendrier
/fr/blog/logiciel-de-gmao-5-criteres-pour-le-choisir,/blog/logiciel-de-gmao-5-criteres-pour-le-choisir
/fr/blog/logiciel-gmao-gratuit,/blog/logiciel-gmao-gratuit
/fr/blog/lusine-danone-le-molay-littry-adopte-la-gmao-mobility-work-pour-assurer-la-conformite-aux-normes-alimentaires-et-la-fiabilite-de-ses-machines,/blog/lusine-danone-le-molay-adopte-la-gmao-mobility-work-pour-assurer-la-conformite-aux-normes-alimentaires-et-la-fiabilite-de-ses-machines
/fr/blog/maintenance-4-0-ameliorer-process-fabrication,/blog/maintenance-4-0-ameliorer-ses-process-de-fabrication
/fr/blog/maintenance-collaborative-gmao,/blog/maintenance-collaborative-gmao
/fr/blog/maintenance-industrie-agroalimentaire-gmao,/blog/maintenance-industrie-agroalimentaire-et-gmao
/fr/blog/maintenance-industrielle,/blog/methode-maintenance-industrielle
/fr/blog/maintenance-industrielle-gmao-mobility-work-souvre-aux-pme,/blog/maintenance-industrielle-gmao-mobility-work-souvre-aux-pme
/fr/blog/maintenance-predictive-couteuse-mais-efficace,/blog/maintenance-predictive-couteuse-mais-efficace
/fr/blog/maintenance-predictive-effet-mode-ou-plus-value,/blog/maintenance-predictive-effet-de-mode-ou-reelle-plus-value
/fr/blog/maintenance-predictive-gmao-comment-obtenir-meilleurs-resultats,/blog/maintenance-predictive-gmao-comment-obtenir-meilleurs-resultats
/fr/blog/maintenance-predictive-solution-usure-machines,/blog/maintenance-predictive-la-solution-a-lusure-des-machines
/fr/blog/maintenance-predictive-vs-maintenance-preventive-strategie-entreprise,/blog/maintenance-predictive-vs-maintenance-preventive-strategie-entreprise
/fr/blog/maintenance-prendre-bonne-decision,/blog/maintenance-prendre-bonne-decision
/fr/blog/maintenance-preventive,/blog/maintenance-preventive
/fr/blog/maintenance-preventive-5-bonnes-pratiques-connaitre-absolument,/blog/maintenance-preventive-5-bonnes-pratiques-a-connaitre-absolument
/fr/blog/maintenance-preventive-gmao,/blog/maintenance-preventive-gmao
/fr/blog/maintenance-preventive-systematique-definition-objectifs,/blog/maintenance-preventive-systematique-definition-objectifs
/fr/blog/maintenance-previsionnelle-8-outils-a-connaitre,/blog/maintenance-previsionnelle-8-outils-a-connaitre
/fr/blog/maintenance-previsionnelle-iot,/blog/maintenance-previsionnelle-iot
/fr/blog/maintenance-previsionnelle-maintenance-predictive,/blog/maintenance-previsionnelle-maintenance-predictive
/fr/blog/maintenance-previsionnelle-passe,/blog/maintenance-previsionnelle-iot
/fr/blog/manutan-plateforme-hub,/blog/manutan-plateforme-hub
/fr/blog/methode-maintenance-industrielle,/blog/methode-maintenance-industrielle
/fr/blog/midest-2016-bilan-gmao,/blog/midest-2016-bilan-gmao
/fr/blog/mobility-work-annonce-sa-levee-de-fonds-avec-saint-gobain,/blog/mobility-work-annonce-sa-levee-de-fonds-avec-saint-gobain
/fr/blog/mobility-work-chez-setforge-estamfor,/blog/mobility-work-chez-setforge-estamfor
/fr/blog/mobility-work-chez-setforge-hot-formers,/blog/mobility-work-chez-setforge-hot-formers
/fr/blog/mobility-work-chez-setforge-lhorme,/blog/mobility-work-chez-setforge-lhorme
/fr/blog/mobility-work-culture-changement,/blog/mobility-work-culture-changement
/fr/blog/mobility-work-deeptech4good-stuttgart,/blog/mobility-work-deeptech4good-stuttgart
/fr/blog/mobility-work-elu-startup-du-mois,/blog/mobility-work-elu-startup-du-mois
/fr/blog/mobility-work-fete-noel-concours,/blog/mobility-work-fete-noel-concours
/fr/blog/mobility-work-french-tech-tour-china-2018,/blog/mobility-work-french-tech-tour-china-2018
/fr/blog/mobility-work-gmao-peugeot-japy-technologies,/blog/mobility-work-gmao-peugeot-japy-technologies
/fr/blog/mobility-work-midest-2016-paris,/blog/mobility-work-midest-2016-paris
/fr/blog/mobility-work-presente-aux-industriels-ligeriens,/blog/mobility-work-presente-aux-industriels-ligeriens
/fr/blog/mobility-work-se-prepare-ces-2019,/blog/mobility-work-se-prepare-ces-2019
/fr/blog/mobility-work-tech-in-fab,/blog/mobility-work-tech-in-fab
/fr/blog/mobility-work-web-summit-2016,/blog/mobility-work-web-summit-2016
/fr/blog/mon-service-maintenance-sans-gmao,/blog/mon-service-maintenance-sans-gmao
/fr/blog/nouveautes-gmao-amelioration-continue,/blog/nouveautes-gmao-amelioration-continue
/fr/blog/nouveautes-gmao-analytique,/blog/nouveautes-gmao-analytique
/fr/blog/nouveautes-gmao-api-communaute,/blog/nouveautes-gmao-api-communaute
/fr/blog/nouveautes-gmao-appli-ergonomique,/blog/nouveautes-gmao-appli-ergonomique
/fr/blog/nouveautes-gmao-appli-mobile,/blog/nouveautes-gmao-appli-mobile
/fr/blog/nouveautes-gmao-chat-stocks,/blog/nouveautes-gmao-chat-stocks
/fr/blog/nouveautes-gmao-checklists,/blog/nouveautes-gmao-checklists
/fr/blog/nouveautes-gmao-design-analytique,/blog/nouveautes-gmao-design-analytique
/fr/blog/nouveautes-gmao-efficacite,/blog/nouveautes-gmao-efficacite
/fr/blog/nouveautes-gmao-gestion-operation,/blog/nouveautes-gmao-gestion-operation
/fr/blog/nouveautes-gmao-gestion-taches,/blog/nouveautes-gmao-gestion-taches
/fr/blog/nouveautes-gmao-mobile-analytique,/blog/nouveautes-gmao-mobile-analytique
/fr/blog/nouveautes-gmao-page-recherche,/blog/nouveautes-gmao-page-recherche
/fr/blog/nouveautes-gmao-prise-main-outil,/blog/nouveautes-gmao-prise-main-outil
/fr/blog/nouvelle-gmao-chez-engie-axima,/blog/nouvelle-gmao-chez-engie-axima
/fr/blog/nouvelle-serie-experience-utilisateur,/blog/nouvelle-serie-experience-utilisateur
/fr/blog/optimiser-maintenance-industrielle-tpm,/blog/optimiser-maintenance-industrielle-tpm
/fr/blog/outil-danalyse-des-depenses-optimisez-vos-couts-de-maintenance,/blog/outil-danalyse-des-depenses-optimisez-vos-couts-de-maintenance-avec-mobility-work
/fr/blog/parcours-maintenance-industrielle-frederic-lefresne,/blog/parcours-maintenance-industrielle-frederic-lefresne
/fr/blog/parcours-maintenance-industrielle-vae,/blog/parcours-maintenance-industrielle-vae
/fr/blog/peugeot-japy-travail-nuit-gmao,/blog/peugeot-japy-travail-nuit-gmao
/fr/blog/pjt-1-mettre-place-une-gmao,/blog/pjt-1-mettre-place-une-gmao
/fr/blog/plans-de-maintenance-etapes,/blog/plans-de-maintenance-etapes
/fr/blog/plateforme-fournisseur-gmao,/blog/plateforme-fournisseur-gmao
/fr/blog/plateforme-fournisseurs-hub,/blog/plateforme-fournisseur-gmao
/fr/blog/podcast-gmao-reprise-covid-19,/blog/podcast-gmao-reprise-covid-19
/fr/blog/podcast-iot-industrie-maintenance,/blog/podcast-capteurs-iot-industrie-maintenance
/fr/blog/podcast-maintenance-periode-crise,/blog/podcast-maintenance-periode-crise
/fr/blog/podcast-pourquoi-basculer-gmao,/blog/podcast-pourquoi-basculer-gmao
/fr/blog/pourquoi-choisir-gmao-en-saas,/blog/pourquoi-choisir-une-gmao-en-saas
/fr/blog/pourquoi-taguer-vos-equipements-gmao,/blog/pourquoi-taguer-vos-equipements-gmao
/fr/blog/preparateur-methodes-maintenance-fiche-metier-n1,/blog/preparateur-methodes-maintenance-fiche-metier-n1
/fr/blog/problematiques-sur-robots-abb,/blog/problematiques-sur-robots-abb
/fr/blog/rcm-definition-principe-mise-place,/blog/rcm-definition-et-principe-de-mise-en-place
/fr/blog/rencontrer-mobility-work-salon-smart-industries,/blog/rencontrer-mobility-work-salon-smart-industries
/fr/blog/retrospective-gmao-2020,/blog/retrospective-gmao-2020
/fr/blog/reussir-transition-numerique-gmao,/blog/reussir-transition-numerique-gmao
/fr/blog/rexel-fournisseur-gmao,/blog/rexel-fournisseur-gmao
/fr/blog/rs-components-gmao,/blog/rs-components-gmao
/fr/blog/sdt-ultrasound-gmao,/blog/sdt-ultrasound-gmao
/fr/blog/securite-des-donnees-gmao,/blog/securite-des-donnees-gmao
/fr/blog/smart-industries-2018,/blog/smart-industries-2018
/fr/blog/sourcing-fournisseur-industriel,/blog/blog-sourcing-fournisseur-industriel
/fr/blog/strategie-de-maintenance-gmao,/blog/strategie-de-maintenance-gmao
/fr/blog/technicien-de-maintenance-metier,/blog/technicien-de-maintenance-un-metier-davenir
/fr/blog/temoignage-cosmetique-gmao,/blog/temoignage-cosmetique-gmao
/fr/blog/temoignage-gmao-carambar-co,/blog/temoignage-gmao-carambar-co
/fr/blog/temoignage-gmao-cmd-gears,/blog/temoignage-gmao-cmd-gears
/fr/blog/temoignage-gmao-engie-solutions,/blog/temoignage-gmao-engie-solutions
/fr/blog/temoignage-gmao-lipotec,/blog/temoignage-gmao-lipotec
/fr/blog/temoignage-gmao-saint-gobain-sekurit,/blog/temoignage-gmao-saint-gobain-sekurit
/fr/blog/temoignage-gmao-sarplast,/blog/temoignage-gmao-sarplast
/fr/blog/temoignage-gmao-setforge-bdi,/blog/temoignage-gmao-setforge-bdi
/fr/blog/temoignage-gmao-setforge-lhorme,/blog/temoignage-gmao-setforge-lhorme
/fr/blog/temoignage-gmao-travaux-neufs,/blog/temoignage-gmao-travaux-neufs
/fr/blog/temoignage-ingenieur-methodes-maintenance,/blog/temoignage-ingenieur-methodes-maintenance
/fr/blog/temoignage-maintenance-agroalimentaire,/blog/temoignage-maintenance-agroalimentaire
/fr/blog/temoignage-maintenance-automobile,/blog/temoignage-maintenance-automobile
/fr/blog/temoignage-maintenance-industrielle,/blog/temoignage-maintenance-industrielle
/fr/blog/tpe-pme-gmao-industrie-futur,/blog/tpe-pme-gmao-industrie-futur
/fr/blog/trois-nouveaux-webhooks-pour-gerer-vos-pieces-detachees,/blog/trois-nouveaux-webhooks-pour-gerer-vos-pieces-detachees
/fr/blog/ux-series-13-mobility-work-chez-axereal,/blog/ux-series-13-mobility-work-chez-axereal
/fr/blog/ux-series-14-mobility-work-losc,/blog/ux-series-14-mobility-work-losc
/fr/blog/ux-series-5-mobility-work-chez-fmgc,/blog/ux-series-5-mobility-work-chez-fmgc
/fr/blog/ux-series-gmao-cuisines-morel,/blog/ux-series-gmao-cuisines-morel
/fr/blog/wcm-gmao-auto-maintenance-trio-gagnant,/blog/wcm-gmao-et-auto-maintenance-le-trio-gagnant
/fr/blog/web-summit-bilan,/blog/web-summit-bilan
/checkout/,/tarifs
/fr/livres-blancs/,/blog
/fr/telechargement-livre-blanc-norme-21-cfr-11/,/blog
/fr/telechargement-livre-blanc-ecologie-industrielle/,/blog
/fr/livre-blanc-norme-21-cfr-11/,/blog
/fr/livre-blanc-ecologie-industrielle/,/blog
/fr/webinaires-et-videos-gmao/,/blog
/fr/cahier-des-charges-gmao-gratuit/,/blog
/request-for-extension-of-the-trial-period/,/contact
/fr/nous-rejoindre/,/contact
/fr/formation-gmao-maintenance-4-0/,/support
/fr/gmao-education/,/support
/es/tome-el-control-de-sus-datos-con-data-connector-vea-una-demostracion/,/es/produit/integrations
/test-form-0123/,/contact
/fr/test-form-0123/,/contact
/de/test-form-0123-4/,/de/contact
